Designator,Mid X,Mid Y,Rotation,Layer
J1,36.815,2.515,90.0,top
J102,39.039487,26.75739,225.0,top
J2,30.196,50.775,90.0,top
J3,59.675,2.515,90.0,top
J4,54.595,50.775,90.0,top
J5,82.535,2.515,90.0,top
J6,77.455,50.775,90.0,top
J7,95.27,29.195,180.0,top
